<Doctor><name>Doctor1Name</name><surname>Doctor1Surname</surname><birthday>944899954182</birthday><id>311</id><phoneNumber>+1111111111</phoneNumber><patients><patients><name>Patient1Name</name><surname>Patient1Surname</surname><birthday>944899954182</birthday><id>211</id><phoneNumber>+1111111111</phoneNumber><medicalCardId>21</medicalCardId></patients><patients><name>Patient2Name</name><surname>Patient2Surname</surname><birthday>944899954182</birthday><id>221</id><phoneNumber>+1111111111</phoneNumber><medicalCardId>22</medicalCardId></patients></patients><cabinetNumber>1</cabinetNumber><salary>12345</salary></Doctor>