{"address":"address","number":1,"doctors":[{"name":"Doctor1Name","surname":"Doctor1Surname","birthday":944899954182,"id":311,"phoneNumber":"+1111111111","patients":[{"name":"Patient1Name","surname":"Patient1Surname","birthday":944899954182,"id":211,"phoneNumber":"+1111111111","medicalCardId":21},{"name":"Patient2Name","surname":"Patient2Surname","birthday":944899954182,"id":221,"phoneNumber":"+1111111111","medicalCardId":22}],"cabinetNumber":1,"salary":12345},{"name":"Doctor2Name","surname":"Doctor2Surname","birthday":944899954182,"id":321,"phoneNumber":"+1111111111","patients":[{"name":"Patient1Name","surname":"Patient1Surname","birthday":944899954182,"id":211,"phoneNumber":"+1111111111","medicalCardId":21},{"name":"Patient3Name","surname":"Patient3Surname","birthday":944899954182,"id":231,"phoneNumber":"+1111111111","medicalCardId":23}],"cabinetNumber":2,"salary":4321}]}